{"cameraMode":{"drawMode":0,"name":"Shaded","section":"Shading Mode"},"sceneLighting":true,"audioPlay":false,"sceneViewState":{"showFog":true,"showMaterialUpdate":false,"showSkybox":true,"showFlares":true,"showImageEffects":true,"showParticleSystems":true},"in2DMode":false,"pivot":{"x":0.4793844223022461,"y":-0.22626543045043946,"z":4.1685075759887699},"rotation":{"x":-0.1407751739025116,"y":0.0302871186286211,"z":-0.004306228365749121,"w":-0.9895753264427185},"size":23.039575576782228,"orthographic":false}