{"cameraMode":{"drawMode":0,"name":"Shaded","section":"Shading Mode"},"sceneLighting":true,"audioPlay":false,"sceneViewState":{"showFog":true,"showMaterialUpdate":false,"showSkybox":true,"showFlares":true,"showImageEffects":true,"showParticleSystems":true},"in2DMode":false,"pivot":{"x":-3.0396041870117189,"y":-0.9250273704528809,"z":0.29770946502685549},"rotation":{"x":-0.16992048919200898,"y":0.37425872683525088,"z":-0.06996415555477143,"w":-0.9089399576187134},"size":33.2071533203125,"orthographic":false}