{"cameraMode":{"drawMode":0,"name":"Shaded","section":"Shading Mode"},"sceneLighting":true,"audioPlay":false,"sceneViewState":{"showFog":true,"showMaterialUpdate":false,"showSkybox":true,"showFlares":true,"showImageEffects":true,"showParticleSystems":true},"in2DMode":false,"pivot":{"x":-1.9174537658691407,"y":-2.494734764099121,"z":6.041199684143066},"rotation":{"x":-0.18425114452838899,"y":0.26096341013908389,"z":-0.05081051588058472,"w":-0.9462515711784363},"size":20.788286209106447,"orthographic":false}